name,address,email,date_of_birth,phone_number,credit_card,company,job
Melissa Byrd,"62067 Ian Glens Apt. 162
West Oliviaport, NE 98693",isteele@example.org,1976-03-22,249-581-6139,"Maestro
Billy White
502032386323 10/30
CVV: 704
",Brown and Sons,Claims inspector/assessor
Leah Silva,"6465 Anna Isle Suite 939
West Janeland, WV 54196",kimberly94@example.org,2000-07-24,001-849-264-7740x422,"VISA 13 digit
Douglas Strong
4275595056858 11/26
CVC: 745
",Hansen-Smith,Medical laboratory scientific officer
Mark Powell,"760 Foster Fords
Port Lindsey, AZ 66464",jennifer83@example.net,1924-10-20,(392)846-6559,"VISA 19 digit
Matthew Thomas
4020668293292575469 10/29
CVC: 753
",Turner-Leblanc,Housing manager/officer
Gabriel Huffman,"7891 Rodney Vista
Lake Brandonstad, AZ 96554",vaughanemma@example.org,1917-03-28,001-663-816-8154x5455,"Diners Club / Carte Blanche
Dennis Lawrence
38407329069820 07/29
CVC: 065
",Fuentes Group,"Therapist, drama"
James Berg,"3220 Michael Orchard Apt. 509
Port Mark, WI 85566",richardnelson@example.com,1958-11-24,463.349.4335x625,"VISA 13 digit
James Hill
4288894770400 08/31
CVC: 168
",Russell-Martinez,Orthoptist
Timothy Miller,"71917 Dana Ports
New Jonathan, IL 92995",danielpatrick@example.com,1998-01-12,273-506-2982,"American Express
Alexis Richardson
341910854370887 06/33
CID: 4744
",Robbins LLC,Systems analyst
Julie Mcconnell,"94173 Hensley Island
Port Matthewburgh, VT 77505",howarddaniel@example.net,2017-01-19,+1-600-269-9242x493,"VISA 16 digit
Brett Hernandez
4322953422678436 02/29
CVC: 414
","Rhodes, Rose and Fuller",Child psychotherapist
Robin Harris,"825 Heather Locks
Pearsonbury, NV 96466",emueller@example.com,1926-01-07,+1-783-380-9924x31705,"Mastercard
Kristy Bentley
2706538949116091 03/31
CVV: 899
","Newman, Rios and Reyes","Teacher, music"
Tracy Singh,"6166 Allen Mountain
Christopherview, AL 11562",lawrencenguyen@example.org,1916-07-15,+1-822-489-8564x042,"Maestro
Brian Huber
501832757162 11/24
CVV: 740
",Silva PLC,"Designer, exhibition/display"
Glen Barr,"6988 Williams Glen
East Nichole, FL 59239",alewis@example.net,1958-06-29,820.248.9028,"VISA 16 digit
Shelley Salas
4947687894586850 07/28
CVC: 297
","Durham, Glenn and Dorsey","Programmer, systems"
